mal_id,title,type,source,episodes,status,rating,score,scored_by,rank,popularity,members,year,genres,studios
52991,Frieren: Beyond Journey's End,TV,Manga,28,Finished Airing,PG-13 - Teens 13 or older,9.28,823434,1,108,1353494,2023,"Adventure, Drama, Fantasy",Madhouse
59978,Frieren: Beyond Journey's End Season 2,TV,Manga,10,Currently Airing,PG-13 - Teens 13 or older,9.16,62148,2,644,414180,2026,"Adventure, Drama, Fantasy",Madhouse
5114,Fullmetal Alchemist: Brotherhood,TV,Manga,64,Finished Airing,R - 17+ (violence & profanity),9.11,2290193,3,3,3645704,2009,"Action, Adventure, Drama, Fantasy",Bones
9253,Steins;Gate,TV,Visual novel,24,Finished Airing,PG-13 - Teens 13 or older,9.07,1508032,5,14,2786505,2011,"Drama, Sci-Fi, Suspense",White Fox
38524,Attack on Titan Season 3 Part 2,TV,Manga,10,Finished Airing,R - 17+ (violence & profanity),9.05,1772569,6,20,2560224,2019,"Action, Drama, Suspense",Wit Studio
28977,Gintama Season 4,TV,Manga,51,Finished Airing,PG-13 - Teens 13 or older,9.05,270734,8,348,686377,2015,"Action, Comedy, Sci-Fi",Bandai Namco Pictures
11061,Hunter x Hunter,TV,Manga,148,Finished Airing,PG-13 - Teens 13 or older,9.03,1957682,9,8,3151639,2011,"Action, Adventure, Fantasy",Madhouse
9969,Gintama Season 2,TV,Manga,51,Finished Airing,PG-13 - Teens 13 or older,9.02,255654,11,406,608363,2011,"Action, Comedy, Sci-Fi",Sunrise
15417,Gintama: Enchousen,TV,Manga,13,Finished Airing,PG-13 - Teens 13 or older,9.02,178235,12,759,355531,2012,"Action, Comedy, Sci-Fi",Sunrise
34096,Gintama Season 5,TV,Manga,12,Finished Airing,PG-13 - Teens 13 or older,8.98,158957,15,791,345872,2017,"Action, Comedy, Sci-Fi",Bandai Namco Pictures
41467,Bleach: Thousand-Year Blood War,TV,Manga,13,Finished Airing,R - 17+ (violence & profanity),8.98,372311,14,346,689965,2022,"Action, Adventure, Supernatural",Studio Pierrot
43608,Kaguya-sama: Love is War -Ultra Romantic-,TV,Manga,13,Finished Airing,PG-13 - Teens 13 or older,8.96,625481,16,164,1094411,2022,"Comedy, Romance",A-1 Pictures
42938,Fruits Basket: The Final Season,TV,Manga,13,Finished Airing,PG-13 - Teens 13 or older,8.94,276997,17,444,556341,2021,"Drama, Romance, Supernatural",TMS Entertainment
4181,Clannad: After Story,TV,Visual novel,24,Finished Airing,PG-13 - Teens 13 or older,8.93,696465,18,123,1276967,2008,"Drama, Romance",Kyoto Animation
918,Gintama,TV,Manga,201,Finished Airing,PG-13 - Teens 13 or older,8.93,421736,19,147,1146253,2006,"Action, Comedy, Sci-Fi",Sunrise
58514,The Apothecary Diaries Season 2,TV,Light novel,24,Finished Airing,PG-13 - Teens 13 or older,8.91,242040,21,541,473519,2025,"Drama, Mystery","OLM, TOHO animation STUDIO"
2904,Code Geass: Lelouch of the Rebellion R2,TV,Original,25,Finished Airing,R - 17+ (violence & profanity),8.91,1287604,22,48,1936843,2008,"Award Winning, Drama, Sci-Fi",Sunrise
35180,March Comes In Like a Lion 2nd Season,TV,Manga,22,Finished Airing,PG-13 - Teens 13 or older,8.9,214062,23,603,435562,2017,Drama,Shaft
19,Monster,TV,Manga,74,Finished Airing,R+ - Mild Nudity,8.89,502743,25,119,1308032,2004,"Drama, Mystery, Suspense",Madhouse
37491,Gintama. Silver Soul Arc - Second Half War,TV,Manga,14,Finished Airing,PG-13 - Teens 13 or older,8.88,106319,26,1240,224033,2018,"Action, Comedy, Sci-Fi",Bandai Namco Pictures
54492,The Apothecary Diaries,TV,Light novel,24,Finished Airing,PG-13 - Teens 13 or older,8.85,452989,29,279,804754,2023,"Drama, Mystery","OLM, TOHO animation STUDIO"
40682,Kingdom Season 3,TV,Manga,26,Finished Airing,R - 17+ (violence & profanity),8.84,54389,30,1948,131531,2020,Action,"Studio Pierrot, Studio Signpost"
49387,Vinland Saga Season 2,TV,Manga,24,Finished Airing,R - 17+ (violence & profanity),8.82,469927,34,262,833295,2023,"Action, Adventure, Drama",MAPPA
36838,Gintama. Silver Soul Arc,TV,Manga,12,Finished Airing,PG-13 - Teens 13 or older,8.81,115192,35,1183,236034,2018,"Action, Comedy, Sci-Fi",Bandai Namco Pictures
37510,Mob Psycho 100 II,TV,Web manga,13,Finished Airing,PG-13 - Teens 13 or older,8.78,1078670,41,73,1708592,2019,"Action, Comedy, Supernatural",Bones
2921,Tomorrow's Joe 2,TV,Manga,47,Finished Airing,PG-13 - Teens 13 or older,8.78,25793,36,3034,66529,1980,"Drama, Sports",Tokyo Movie Shinsha
40028,Attack on Titan: Final Season,TV,Manga,16,Finished Airing,R - 17+ (violence & profanity),8.78,1503653,38,30,2260274,2021,"Action, Drama, Suspense",MAPPA
263,Fighting Spirit,TV,Manga,75,Finished Airing,PG-13 - Teens 13 or older,8.78,338379,37,349,685352,2000,Sports,Madhouse
32935,Haikyu!! 3rd Season,TV,Manga,10,Finished Airing,PG-13 - Teens 13 or older,8.77,868098,42,117,1316896,2016,Sports,Production I.G
48583,Attack on Titan: Final Season Part 2,TV,Manga,12,Finished Airing,R - 17+ (violence & profanity),8.77,916552,44,92,1534424,2022,"Action, Drama, Suspense",MAPPA
17074,Monogatari Series: Second Season,TV,Light novel,26,Finished Airing,R - 17+ (violence & profanity),8.76,378454,46,326,714864,2013,"Comedy, Mystery, Romance, Supernatural",Shaft
1,Cowboy Bebop,TV,Original,26,Finished Airing,R - 17+ (violence & profanity),8.75,1052474,47,42,2037770,1998,"Action, Award Winning, Sci-Fi",Sunrise
60098,My Hero Academia Final Season,TV,Manga,11,Finished Airing,PG-13 - Teens 13 or older,8.73,137508,49,994,279531,2025,Action,Bones Film
53223,Kingdom Season 5,TV,Manga,13,Finished Airing,R - 17+ (violence & profanity),8.73,27697,51,3179,60806,2024,Action,"Studio Pierrot, Studio Signpost"
47917,Bocchi the Rock!,TV,4-koma manga,12,Finished Airing,PG-13 - Teens 13 or older,8.73,467456,48,294,772770,2022,Comedy,CloverWorks
50160,Kingdom Season 4,TV,Manga,26,Finished Airing,R - 17+ (violence & profanity),8.73,39918,50,2544,88674,2022,Action,"Studio Pierrot, Studio Signpost"
39894,Sound! Euphonium 3,TV,Novel,13,Finished Airing,PG-13 - Teens 13 or older,8.72,37840,56,2425,95896,2024,Drama,Kyoto Animation
24701,Mushi-shi: Next Passage Part 2,TV,Manga,10,Finished Airing,PG-13 - Teens 13 or older,8.72,115944,54,947,291000,2014,"Adventure, Mystery, Slice of Life, Supernatural",Artland
48569,86 Eighty-Six Part 2,TV,Light novel,12,Finished Airing,R - 17+ (violence & profanity),8.72,367199,55,388,629602,2021,"Drama, Sci-Fi",A-1 Pictures
52215,Orb: On the Movements of the Earth,TV,Manga,25,Finished Airing,R - 17+ (violence & profanity),8.71,111596,57,995,279082,2024,Drama,Madhouse
1575,Code Geass: Lelouch of the Rebellion,TV,Original,25,Finished Airing,R - 17+ (violence & profanity),8.71,1510181,58,22,2448711,2006,"Award Winning, Drama, Sci-Fi",Sunrise
50172,Mob Psycho 100 III,TV,Web manga,12,Finished Airing,PG-13 - Teens 13 or older,8.71,436124,61,257,844777,2022,"Action, Comedy, Supernatural",Bones
51009,Jujutsu Kaisen Season 2,TV,Manga,23,Finished Airing,R - 17+ (violence & profanity),8.71,792328,60,110,1349022,2023,"Action, Supernatural",MAPPA
55690,The Dangers in My Heart Season 2,TV,Manga,13,Finished Airing,PG-13 - Teens 13 or older,8.7,171293,64,920,300348,2024,"Comedy, Romance",Shin-Ei Animation
53998,Bleach: Thousand-Year Blood War - The Separation,TV,Manga,13,Finished Airing,R - 17+ (violence & profanity),8.7,227965,63,671,402248,2023,"Action, Adventure, Supernatural",Studio Pierrot
47778,Demon Slayer: Kimetsu no Yaiba Entertainment District Arc,TV,Manga,11,Finished Airing,R - 17+ (violence & profanity),8.7,1100892,62,72,1714419,2022,"Action, Supernatural",ufotable
61517,Kingdom Season 6,TV,Manga,13,Finished Airing,R - 17+ (violence & profanity),8.69,15326,71,4243,35778,2025,Action,"Studio Pierrot, Studio Signpost"
58788,Journal with Witch,TV,Manga,13,Currently Airing,PG-13 - Teens 13 or older,8.69,10607,70,2856,73698,2026,Drama,Shuka
33095,Descending Stories: Showa Genroku Rakugo Shinju,TV,Manga,12,Finished Airing,PG-13 - Teens 13 or older,8.69,69579,67,1373,201093,2017,Drama,Studio Deen
33352,Violet Evergarden,TV,Light novel,13,Finished Airing,PG-13 - Teens 13 or older,8.69,1080658,69,46,1976744,2018,Drama,Kyoto Animation
21939,Mushi-shi: Next Passage Part 1,TV,Manga,10,Finished Airing,PG-13 - Teens 13 or older,8.68,127694,73,854,324907,2014,"Adventure, Mystery, Slice of Life, Supernatural",Artland
245,Great Teacher Onizuka,TV,Manga,43,Finished Airing,R - 17+ (violence & profanity),8.68,445783,74,221,911992,1999,Comedy,Studio Pierrot
61930,Umamusume: Cinderella Gray Part 2,TV,Manga,10,Finished Airing,PG-13 - Teens 13 or older,8.67,27931,78,3298,57131,2025,"Drama, Sports",CygamesPictures
56784,Bleach: Thousand-Year Blood War - The Conflict,TV,Manga,14,Finished Airing,R - 17+ (violence & profanity),8.67,150025,75,976,284293,2024,"Action, Adventure, Supernatural",Pierrot Films
5258,Fighting Spirit: New Challenger,TV,Manga,26,Finished Airing,PG-13 - Teens 13 or older,8.67,187571,76,862,323074,2009,Sports,Madhouse
457,Mushi-Shi,TV,Manga,26,Finished Airing,PG-13 - Teens 13 or older,8.65,296516,82,225,899756,2005,"Adventure, Mystery, Slice of Life, Supernatural",Artland
2001,Gurren Lagann,TV,Original,27,Finished Airing,PG-13 - Teens 13 or older,8.64,969409,86,66,1751746,2007,"Adventure, Award Winning, Sci-Fi",Gainax
23273,Your Lie in April,TV,Manga,22,Finished Airing,PG-13 - Teens 13 or older,8.64,1456879,83,24,2399272,2014,"Drama, Romance",A-1 Pictures
35760,Attack on Titan Season 3,TV,Manga,12,Finished Airing,R - 17+ (violence & profanity),8.64,1791064,85,18,2635043,2018,"Action, Drama, Suspense",Wit Studio
34599,Made in Abyss,TV,Web manga,13,Finished Airing,R - 17+ (violence & profanity),8.63,830234,90,91,1537002,2017,"Adventure, Drama, Fantasy, Mystery, Sci-Fi",Kinema Citrus
11665,Natsume's Book of Friends Season 4,TV,Manga,13,Finished Airing,PG-13 - Teens 13 or older,8.63,117079,91,1055,264822,2012,"Slice of Life, Supernatural",Brain's Base
22135,Ping Pong the Animation,TV,Manga,11,Finished Airing,PG-13 - Teens 13 or older,8.63,202624,93,602,435832,2014,"Award Winning, Drama, Sports",Tatsunoko Production
46102,Odd Taxi,TV,Original,13,Finished Airing,PG-13 - Teens 13 or older,8.63,248010,92,505,503884,2021,"Award Winning, Drama, Mystery, Suspense","OLM, P.I.C.S."
1535,Death Note,TV,Manga,37,Finished Airing,R - 17+ (violence & profanity),8.62,2977869,97,2,4255809,2006,"Supernatural, Suspense",Madhouse
28891,Haikyu!! 2nd Season,TV,Manga,25,Finished Airing,PG-13 - Teens 13 or older,8.62,1020909,98,85,1554983,2015,Sports,Production I.G
34591,Natsume's Book of Friends Season 6,TV,Manga,11,Finished Airing,PG-13 - Teens 13 or older,8.61,75990,106,1348,204675,2017,"Slice of Life, Supernatural",Shuka
40591,Kaguya-sama: Love is War?,TV,Manga,12,Finished Airing,PG-13 - Teens 13 or older,8.61,951011,103,96,1485404,2020,"Comedy, Romance",A-1 Pictures
45576,Mushoku Tensei: Jobless Reincarnation Part 2,TV,Light novel,12,Finished Airing,R - 17+ (violence & profanity),8.61,694663,105,160,1103240,2021,"Adventure, Drama, Fantasy, Ecchi",Studio Bind
19647,Fighting Spirit: Rising,TV,Manga,25,Finished Airing,PG-13 - Teens 13 or older,8.61,162246,101,932,295707,2013,Sports,"Madhouse, MAPPA"
33,Berserk,TV,Manga,25,Finished Airing,R+ - Mild Nudity,8.61,407982,104,301,756980,1997,"Action, Adventure, Drama, Fantasy, Horror",OLM
54898,Bungo Stray Dogs 5,TV,Manga,11,Finished Airing,R - 17+ (violence & profanity),8.6,118392,109,1093,253489,2023,"Action, Mystery",Bones
41084,Made in Abyss: The Golden City of the Scorching Sun,TV,Web manga,12,Finished Airing,R - 17+ (violence & profanity),8.6,256841,108,467,532284,2022,"Adventure, Drama, Fantasy, Mystery, Sci-Fi",Kinema Citrus
60058,[Oshi No Ko] Season 3,TV,Manga,11,Currently Airing,PG-13 - Teens 13 or older,8.59,23588,113,1295,213637,2026,Drama,Doga Kobo
52701,Delicious in Dungeon,TV,Manga,24,Finished Airing,R - 17+ (violence & profanity),8.59,290372,110,436,565203,2024,"Adventure, Comedy, Fantasy, Gourmet",Trigger
57658,Jujutsu Kaisen: The Culling Game Part 1,TV,Manga,12,Currently Airing,R - 17+ (violence & profanity),8.58,59958,116,719,376037,2026,"Action, Supernatural",MAPPA
55823,Natsume's Book of Friends Season 7,TV,Manga,12,Finished Airing,PG-13 - Teens 13 or older,8.58,17810,118,3293,57208,2024,"Slice of Life, Supernatural",Shuka
37991,JoJo's Bizarre Adventure: Golden Wind,TV,Manga,39,Finished Airing,R - 17+ (violence & profanity),8.58,772632,115,146,1152114,2018,"Action, Adventure",David Production
59636,Umamusume: Cinderella Gray,TV,Manga,13,Finished Airing,PG-13 - Teens 13 or older,8.57,45605,123,2491,92403,2025,"Drama, Sports",CygamesPictures
58567,Solo Leveling Season 2: Arise from the Shadow,TV,Web manga,13,Finished Airing,R - 17+ (violence & profanity),8.57,477518,120,307,747459,2025,"Action, Adventure, Fantasy",A-1 Pictures
16498,Attack on Titan,TV,Manga,25,Finished Airing,R - 17+ (violence & profanity),8.57,3038808,121,1,4316356,2013,"Action, Award Winning, Drama, Suspense",Wit Studio
877,Nana,TV,Manga,47,Finished Airing,R+ - Mild Nudity,8.57,299036,119,295,771975,2006,"Drama, Romance",Madhouse
32983,Natsume's Book of Friends Season 5,TV,Manga,11,Finished Airing,PG-13 - Teens 13 or older,8.56,83243,125,1349,204647,2016,"Slice of Life, Supernatural",Shuka
10379,Natsume's Book of Friends Season 3,TV,Manga,13,Finished Airing,PG-13 - Teens 13 or older,8.56,126455,126,1031,271088,2011,"Slice of Life, Supernatural",Brain's Base
40776,Haikyu!! To the Top 2nd-cour,TV,Manga,12,Finished Airing,PG-13 - Teens 13 or older,8.56,548408,128,219,918357,2020,Sports,Production I.G
59845,The Fragrant Flower Blooms with Dignity,TV,Web manga,13,Finished Airing,PG-13 - Teens 13 or older,8.55,199931,136,633,419445,2025,"Drama, Romance",CloverWorks
30484,Steins;Gate 0,TV,Visual novel,23,Finished Airing,PG-13 - Teens 13 or older,8.55,469986,133,207,947491,2018,"Drama, Sci-Fi, Suspense",White Fox
7785,The Tatami Galaxy,TV,Novel,11,Finished Airing,R - 17+ (violence & profanity),8.55,155949,134,519,491230,2010,"Award Winning, Comedy, Mystery, Romance, Suspense",Madhouse
170,Slam Dunk,TV,Manga,101,Finished Airing,PG-13 - Teens 13 or older,8.55,150548,131,822,335363,1993,Sports,Toei Animation
52034,[Oshi No Ko],TV,Manga,11,Finished Airing,PG-13 - Teens 13 or older,8.54,607294,144,179,1026957,2023,"Award Winning, Drama",Doga Kobo
28735,Showa Genroku Rakugo Shinju,TV,Manga,13,Finished Airing,PG-13 - Teens 13 or older,8.54,99307,143,894,312722,2016,Drama,Studio Deen
25777,Attack on Titan Season 2,TV,Manga,12,Finished Airing,R - 17+ (violence & profanity),8.54,2045334,142,12,2989308,2017,"Action, Drama, Suspense",Wit Studio
11741,Fate/Zero Season 2,TV,Light novel,12,Finished Airing,R - 17+ (violence & profanity),8.54,752842,140,140,1188580,2012,"Action, Fantasy",ufotable
5300,Natsume's Book of Friends Season 2,TV,Manga,13,Finished Airing,PG-13 - Teens 13 or older,8.53,133808,145,1051,265538,2009,"Slice of Life, Supernatural",Brain's Base
40417,Fruits Basket 2nd Season,TV,Manga,25,Finished Airing,PG-13 - Teens 13 or older,8.53,299911,147,431,578766,2020,"Drama, Romance, Supernatural",TMS Entertainment
61322,Dr. Stone: Science Future Part 2,TV,Manga,12,Finished Airing,PG-13 - Teens 13 or older,8.52,101932,149,1331,207410,2025,"Adventure, Comedy",TMS Entertainment
55791,[Oshi No Ko] Season 2,TV,Manga,13,Finished Airing,PG-13 - Teens 13 or older,8.52,246646,152,510,501186,2024,Drama,Doga Kobo
12365,Bakuman. Season 3,TV,Manga,25,Finished Airing,PG-13 - Teens 13 or older,8.52,202961,148,784,346845,2012,"Comedy, Drama, Romance",J.C.Staff
205,Samurai Champloo,TV,Original,26,Finished Airing,R - 17+ (violence & profanity),8.52,682150,151,112,1340754,2004,"Action, Adventure, Comedy",Manglobe
55830,Fate/strange Fake,TV,Light novel,13,Currently Airing,R - 17+ (violence & profanity),8.51,17933,158,1892,136989,2026,"Action, Fantasy",A-1 Pictures
35843,Gintama. Slip Arc,TV,Manga,13,Finished Airing,PG-13 - Teens 13 or older,8.51,111974,159,1259,220725,2017,"Action, Comedy, Sci-Fi",Bandai Namco Pictures
801,Ghost in the Shell: Stand Alone Complex 2nd GIG,TV,Manga,26,Finished Airing,R - 17+ (violence & profanity),8.51,108963,156,1165,240850,2004,"Mystery, Sci-Fi",Production I.G
40748,Jujutsu Kaisen,TV,Manga,24,Finished Airing,R - 17+ (violence & profanity),8.51,1965238,155,13,2982056,2020,"Action, Award Winning, Supernatural",MAPPA
59986,Grand Blue Dreaming Season 2,TV,Manga,12,Finished Airing,PG-13 - Teens 13 or older,8.5,81822,160,1445,188992,2025,Comedy,"Zero-G, Liber"
38474,Laid-Back Camp Season 2,TV,Manga,13,Finished Airing,PG-13 - Teens 13 or older,8.5,112370,166,1105,251830,2021,Slice of Life,C-Station
35839,A Place Further Than The Universe,TV,Original,13,Finished Airing,PG-13 - Teens 13 or older,8.5,234933,165,454,550165,2018,"Adventure, Comedy, Drama",Madhouse
31933,JoJo's Bizarre Adventure: Diamond Is Unbreakable,TV,Manga,39,Finished Airing,R - 17+ (violence & profanity),8.5,864892,161,129,1251800,2016,"Action, Adventure",David Production
32182,Mob Psycho 100,TV,Web manga,12,Finished Airing,PG-13 - Teens 13 or older,8.49,1407937,169,28,2296137,2016,"Action, Comedy, Supernatural",Bones
12431,Space Brothers,TV,Manga,99,Finished Airing,PG-13 - Teens 13 or older,8.48,55804,173,1319,209572,2012,Comedy,A-1 Pictures
30276,One-Punch Man,TV,Web manga,12,Finished Airing,R - 17+ (violence & profanity),8.48,2405629,171,4,3491486,2015,"Action, Comedy",Madhouse
40834,Ranking of Kings,TV,Web manga,23,Finished Airing,PG-13 - Teens 13 or older,8.48,394807,172,306,747592,2021,"Adventure, Fantasy",Wit Studio
37779,The Promised Neverland,TV,Manga,12,Finished Airing,R - 17+ (violence & profanity),8.47,1388217,175,37,2137337,2019,"Mystery, Suspense",CloverWorks
30654,Assassination Classroom Second Season,TV,Manga,25,Finished Airing,PG-13 - Teens 13 or older,8.47,966369,177,84,1556262,2016,"Action, Comedy",Lerche
3297,Aria the Origination,TV,Manga,13,Finished Airing,G - All Ages,8.47,34667,178,1838,141061,2008,"Sci-Fi, Slice of Life",HAL Film Maker
10165,Nichijou - My Ordinary Life,TV,Manga,26,Finished Airing,PG-13 - Teens 13 or older,8.47,398852,176,196,975662,2011,Comedy,Kyoto Animation
6114,Rainbow,TV,Manga,26,Finished Airing,R - 17+ (violence & profanity),8.46,166451,180,626,422784,2010,"Drama, Suspense",Madhouse
392,Yu Yu Hakusho: Ghost Files,TV,Manga,112,Finished Airing,PG-13 - Teens 13 or older,8.46,356064,183,304,748080,1992,"Action, Supernatural",Studio Pierrot
47194,Summer Time Rendering,TV,Manga,25,Finished Airing,R - 17+ (violence & profanity),8.46,285956,181,364,666235,2022,"Mystery, Supernatural, Suspense",OLM
31181,Owarimonogatari,TV,Light novel,12,Finished Airing,R - 17+ (violence & profanity),8.45,250375,186,501,507964,2015,"Comedy, Mystery, Supernatural",Shaft
36649,Banana Fish,TV,Manga,24,Finished Airing,R - 17+ (violence & profanity),8.45,411076,187,202,954750,2018,"Action, Adventure, Drama, Suspense",MAPPA
37105,Grand Blue Dreaming,TV,Manga,12,Finished Airing,PG-13 - Teens 13 or older,8.45,478026,190,230,894716,2018,Comedy,Zero-G
26055,JoJo's Bizarre Adventure: Stardust Crusaders - Battle in Egypt,TV,Manga,24,Finished Airing,R - 17+ (violence & profanity),8.44,872887,192,133,1232901,2015,"Action, Adventure",David Production
57334,Dan Da Dan,TV,Manga,12,Finished Airing,R - 17+ (violence & profanity),8.43,569567,200,213,934770,2024,"Action, Comedy, Supernatural",Science SARU
54857,Re:ZERO -Starting Life in Another World- Season 3,TV,Light novel,16,Finished Airing,R - 17+ (violence & profanity),8.43,216013,196,536,480332,2024,"Drama, Fantasy, Suspense",White Fox
44511,Chainsaw Man,TV,Manga,12,Finished Airing,R - 17+ (violence & profanity),8.43,1114252,199,50,1921445,2022,"Action, Fantasy",MAPPA
136,Hunter x Hunter,TV,Manga,62,Finished Airing,PG-13 - Teens 13 or older,8.43,312487,204,381,643121,1999,"Action, Adventure, Fantasy",Nippon Animation
20583,Haikyu!!,TV,Manga,25,Finished Airing,PG-13 - Teens 13 or older,8.43,1336872,203,36,2154348,2014,Sports,Production I.G
40059,Golden Kamuy Season 3,TV,Manga,12,Finished Airing,R - 17+ (violence & profanity),8.43,97528,202,1395,197572,2020,"Action, Adventure",Geno Studio
61335,Medalist Season 2,TV,Manga,9,Currently Airing,PG-13 - Teens 13 or older,8.42,3876,209,4478,31774,2026,"Drama, Sports",ENGI
60543,Dan Da Dan Season 2,TV,Manga,12,Finished Airing,R - 17+ (violence & profanity),8.42,269862,206,485,519186,2025,"Action, Comedy, Supernatural",Science SARU
42203,Re:ZERO -Starting Life in Another World- Season 2 Part 2,TV,Light novel,12,Finished Airing,R - 17+ (violence & profanity),8.42,624522,212,173,1051921,2021,"Drama, Fantasy, Suspense",White Fox
38889,Kono Oto Tomare!: Sounds of Life Season 2,TV,Manga,13,Finished Airing,PG-13 - Teens 13 or older,8.42,106815,208,1371,201236,2019,Drama,Platinum Vision
467,Ghost in the Shell: Stand Alone Complex,TV,Manga,26,Finished Airing,R - 17+ (violence & profanity),8.42,171850,209,629,422045,2002,"Award Winning, Mystery, Sci-Fi",Production I.G
50330,Bungo Stray Dogs 4,TV,Manga,13,Finished Airing,R - 17+ (violence & profanity),8.42,146261,205,761,354429,2023,"Action, Mystery",Bones
33255,The Disastrous Life of Saiki K.,TV,Manga,120,Finished Airing,PG-13 - Teens 13 or older,8.41,692145,218,130,1238800,2016,Comedy,"J.C.Staff, Egg Firm"
34612,The Disastrous Life of Saiki K. 2,TV,Manga,24,Finished Airing,PG-13 - Teens 13 or older,8.41,427237,219,327,714463,2018,Comedy,"J.C.Staff, Egg Firm"
2246,Mononoke,TV,Original,12,Finished Airing,R - 17+ (violence & profanity),8.41,105189,222,746,364506,2007,"Horror, Mystery, Supernatural, Suspense",Toei Animation
38000,Demon Slayer: Kimetsu no Yaiba,TV,Manga,26,Finished Airing,R - 17+ (violence & profanity),8.41,2339211,221,5,3407810,2019,"Action, Award Winning, Supernatural",ufotable
37999,Kaguya-sama: Love is War,TV,Manga,12,Finished Airing,PG-13 - Teens 13 or older,8.4,1202136,223,51,1919471,2019,"Comedy, Romance",A-1 Pictures
55888,Mushoku Tensei: Jobless Reincarnation Season 2 Part 2,TV,Light novel,12,Finished Airing,R - 17+ (violence & profanity),8.39,320010,233,445,556073,2024,"Adventure, Drama, Fantasy, Ecchi",Studio Bind
35557,Land of the Lustrous,TV,Manga,12,Finished Airing,PG-13 - Teens 13 or older,8.39,218154,230,493,513746,2017,"Action, Drama, Fantasy, Mystery",Orange
37965,Run with the Wind,TV,Novel,23,Finished Airing,PG-13 - Teens 13 or older,8.38,150399,235,830,332735,2018,"Drama, Sports",Production I.G
46095,Vivy -Fluorite Eye's Song-,TV,Original,13,Finished Airing,R - 17+ (violence & profanity),8.38,270438,239,409,602496,2021,"Action, Sci-Fi, Suspense",Wit Studio
9756,Puella Magi Madoka Magica,TV,Original,12,Finished Airing,PG-13 - Teens 13 or older,8.38,811242,236,104,1398227,2011,"Award Winning, Drama, Suspense",Shaft
31646,March Comes In Like a Lion,TV,Manga,22,Finished Airing,PG-13 - Teens 13 or older,8.37,299391,243,317,729509,2016,Drama,Shaft
38883,Haikyu!! To the Top,TV,Manga,13,Finished Airing,PG-13 - Teens 13 or older,8.37,642343,245,174,1042355,2020,Sports,Production I.G
30,Neon Genesis Evangelion,TV,Original,26,Finished Airing,PG-13 - Teens 13 or older,8.37,1201625,248,45,2007001,1995,"Avant Garde, Award Winning, Drama, Sci-Fi, Suspense","Gainax, Tatsunoko Production"
2402,Tomorrow's Joe,TV,Manga,79,Finished Airing,PG-13 - Teens 13 or older,8.36,29096,251,2196,111264,1970,"Drama, Sports",Mushi Production
5941,Cross Game,TV,Manga,50,Finished Airing,PG-13 - Teens 13 or older,8.36,53548,253,1940,132324,2009,"Drama, Romance, Sports",SynergySP
185,Initial D First Stage,TV,Manga,26,Finished Airing,PG-13 - Teens 13 or older,8.36,216426,257,605,435241,1998,"Action, Drama","Gallop, Studio Comet"
49721,Teasing Master Takagi-san 3,TV,Manga,12,Finished Airing,PG-13 - Teens 13 or older,8.36,95510,260,1314,210229,2022,"Comedy, Romance",Shin-Ei Animation
22789,Barakamon,TV,Web manga,12,Finished Airing,PG-13 - Teens 13 or older,8.36,360433,252,330,709475,2014,Slice of Life,Kinema Citrus
55772,Golden Kamuy Final Season,TV,Manga,13,Currently Airing,R - 17+ (violence & profanity),8.35,3887,273,3538,50303,2026,"Action, Adventure",Brain's Base
39547,My Teen Romantic Comedy SNAFU Climax!,TV,Light novel,12,Finished Airing,PG-13 - Teens 13 or older,8.35,452369,267,272,812529,2020,"Comedy, Romance",feel.
39808,Non Non Biyori Nonstop,TV,Manga,12,Finished Airing,PG-13 - Teens 13 or older,8.35,53612,264,1874,138162,2021,Slice of Life,SILVER LINK.
41025,To Your Eternity,TV,Manga,20,Finished Airing,R - 17+ (violence & profanity),8.35,420290,270,194,986586,2021,"Adventure, Drama, Supernatural",Brain's Base
46654,IDOLiSH7 Third BEAT! Part 2,TV,Game,17,Finished Airing,PG-13 - Teens 13 or older,8.35,6064,263,5698,17848,2022,Drama,TROYCA
2251,Baccano!,TV,Light novel,13,Finished Airing,R - 17+ (violence & profanity),8.35,397793,268,203,954481,2007,"Action, Mystery, Supernatural",Brain's Base
338,The Rose of Versailles,TV,Manga,40,Finished Airing,PG-13 - Teens 13 or older,8.35,33949,265,2172,113594,1979,"Drama, Romance",Tokyo Movie Shinsha
58390,Call of the Night Season 2,TV,Manga,12,Finished Airing,PG-13 - Teens 13 or older,8.34,84514,282,1218,229491,2025,"Romance, Supernatural",LIDENFILMS
31988,Sound! Euphonium 2,TV,Novel,13,Finished Airing,PG-13 - Teens 13 or older,8.34,135390,277,1085,255408,2016,Drama,Kyoto Animation
41457,86 Eighty-Six,TV,Light novel,11,Finished Airing,R - 17+ (violence & profanity),8.34,499966,275,204,954027,2021,"Drama, Sci-Fi",A-1 Pictures
49458,KonoSuba: God's Blessing on This Wonderful World! 3,TV,Light novel,11,Finished Airing,PG-13 - Teens 13 or older,8.34,232669,279,461,538930,2024,"Adventure, Comedy, Fantasy",Drive
49926,Demon Slayer: Kimetsu no Yaiba Mugen Train Arc,TV,Manga,7,Finished Airing,R - 17+ (violence & profanity),8.34,582274,278,201,959745,2021,"Action, Supernatural",ufotable
39551,That Time I Got Reincarnated as a Slime Season 2,TV,Manga,12,Finished Airing,PG-13 - Teens 13 or older,8.34,638610,281,163,1097938,2021,"Action, Comedy, Fantasy",8bit
13601,Psycho-Pass,TV,Original,22,Finished Airing,R - 17+ (violence & profanity),8.33,827242,288,70,1739300,2012,"Action, Mystery, Sci-Fi, Suspense",Production I.G
39535,Mushoku Tensei: Jobless Reincarnation,TV,Light novel,11,Finished Airing,R - 17+ (violence & profanity),8.33,958938,286,87,1550118,2021,"Adventure, Drama, Fantasy, Ecchi",Studio Bind
10030,Bakuman. Season 2,TV,Manga,25,Finished Airing,PG-13 - Teens 13 or older,8.33,221457,283,735,370733,2011,"Comedy, Drama, Romance",J.C.Staff
28701,Fate/stay night [Unlimited Blade Works] Season 2,TV,Visual novel,13,Finished Airing,R - 17+ (violence & profanity),8.32,601663,297,220,915246,2015,"Action, Fantasy",ufotable
5040,One Outs,TV,Manga,25,Finished Airing,PG-13 - Teens 13 or older,8.32,122558,292,1084,255504,2008,"Sports, Suspense",Madhouse
39587,Re:ZERO -Starting Life in Another World- Season 2,TV,Light novel,13,Finished Airing,R - 17+ (violence & profanity),8.32,745824,293,128,1263304,2020,"Drama, Fantasy, Suspense",White Fox
5081,Bakemonogatari,TV,Light novel,15,Finished Airing,R - 17+ (violence & profanity),8.32,768282,296,98,1482391,2009,"Mystery, Romance, Supernatural",Shaft
22535,Parasyte: The Maxim,TV,Manga,24,Finished Airing,R - 17+ (violence & profanity),8.32,1244402,290,43,2025454,2014,"Action, Horror, Sci-Fi, Suspense",Madhouse
10162,Bunny Drop,TV,Manga,11,Finished Airing,PG-13 - Teens 13 or older,8.32,254527,294,479,522996,2011,Slice of Life,Production I.G
30230,Ace of Diamond: Second Season,TV,Manga,51,Finished Airing,PG-13 - Teens 13 or older,8.31,82395,301,1751,149645,2015,Sports,"Production I.G, Madhouse"
2559,Romeo's Blue Skies,TV,Novel,33,Finished Airing,PG-13 - Teens 13 or older,8.31,19097,306,3339,55692,1995,"Adventure, Drama",Nippon Animation
42941,Umamusume: Pretty Derby Season 2,TV,Game,13,Finished Airing,PG-13 - Teens 13 or older,8.31,55928,309,2280,105535,2021,Sports,Studio KAI
1210,Welcome to the N.H.K.,TV,Novel,24,Finished Airing,R+ - Mild Nudity,8.31,368998,305,266,826421,2006,"Comedy, Drama, Romance",Gonzo
55644,Dr. Stone: New World Part 2,TV,Manga,11,Finished Airing,PG-13 - Teens 13 or older,8.3,224436,312,641,416630,2023,"Adventure, Comedy",TMS Entertainment
5341,Spice and Wolf II,TV,Light novel,12,Finished Airing,PG-13 - Teens 13 or older,8.3,288804,315,485,519088,2009,"Adventure, Drama, Romance, Supernatural","Brain's Base, Marvy Jack"
4081,Natsume's Book of Friends,TV,Manga,13,Finished Airing,PG-13 - Teens 13 or older,8.3,198973,314,428,584803,2008,"Slice of Life, Supernatural",Brain's Base
31043,Erased,TV,Manga,12,Finished Airing,R - 17+ (violence & profanity),8.3,1468685,311,29,2274843,2016,"Mystery, Suspense",A-1 Pictures
17389,Kingdom Season 2,TV,Manga,39,Finished Airing,R - 17+ (violence & profanity),8.29,73798,318,1767,148733,2013,Action,Studio Pierrot
5420,The Beast Player Erin,TV,Novel,50,Finished Airing,PG-13 - Teens 13 or older,8.29,22823,317,2457,93950,2009,"Drama, Fantasy","Production I.G, Trans Arts"
24415,Kuroko's Basketball 3,TV,Manga,25,Finished Airing,PG-13 - Teens 13 or older,8.29,509680,319,267,825853,2015,Sports,Production I.G
6594,Katanagatari,TV,Light novel,12,Finished Airing,R - 17+ (violence & profanity),8.29,223125,316,421,591088,2010,"Action, Adventure, Romance",White Fox
12531,Kids on the Slope,TV,Manga,12,Finished Airing,PG-13 - Teens 13 or older,8.29,181919,323,645,413887,2012,"Drama, Romance","Tezuka Productions, MAPPA"
39533,given,TV,Manga,11,Finished Airing,PG-13 - Teens 13 or older,8.29,344338,332,387,631694,2019,"Boys Love, Drama",Lerche
41487,That Time I Got Reincarnated as a Slime Season 2 Part 2,TV,Manga,12,Finished Airing,PG-13 - Teens 13 or older,8.29,519884,325,228,896173,2021,"Action, Comedy, Fantasy",8bit
57,Beck: Mongolian Chop Squad,TV,Manga,26,Finished Airing,R - 17+ (violence & profanity),8.29,150268,330,727,372835,2004,Drama,Madhouse
9989,Anohana: The Flower We Saw That Day,TV,Original,11,Finished Airing,PG-13 - Teens 13 or older,8.29,1030850,329,74,1699123,2011,"Drama, Supernatural",A-1 Pictures
1735,Naruto Shippuden,TV,Manga,500,Finished Airing,PG-13 - Teens 13 or older,8.29,1807221,321,15,2721147,2007,"Action, Adventure, Fantasy",Studio Pierrot
43325,Moriarty the Patriot Part 2,TV,Manga,13,Finished Airing,R - 17+ (violence & profanity),8.29,136109,328,956,288909,2021,"Mystery, Suspense",Production I.G
38731,Ace of Diamond Act II,TV,Manga,52,Finished Airing,PG-13 - Teens 13 or older,8.28,50575,333,2361,100755,2019,Sports,Madhouse
486,Kino's Journey,TV,Light novel,13,Finished Airing,R - 17+ (violence & profanity),8.28,105414,335,767,352848,2003,"Adventure, Drama, Fantasy",A.C.G.T.
2150,Moomin,TV,Book,78,Finished Airing,G - All Ages,8.28,13827,339,4410,33010,1990,"Adventure, Fantasy, Slice of Life",Telescreen
19363,Silver Spoon 2nd Season,TV,Manga,11,Finished Airing,PG-13 - Teens 13 or older,8.27,94373,345,1709,154588,2014,Comedy,A-1 Pictures
45,Rurouni Kenshin,TV,Manga,94,Finished Airing,PG-13 - Teens 13 or older,8.27,247400,340,480,522768,1996,"Action, Comedy, Romance","Gallop, Studio Deen"
58572,Shangri-La Frontier Season 2,TV,Manga,25,Finished Airing,PG-13 - Teens 13 or older,8.26,126179,350,1095,253338,2024,"Action, Adventure, Fantasy",C2C
54595,The Eminence in Shadow Season 2,TV,Light novel,12,Finished Airing,R - 17+ (violence & profanity),8.26,291417,348,484,520480,2023,"Action, Comedy, Fantasy",Nexus
23327,Space Dandy 2nd Season,TV,Original,13,Finished Airing,PG-13 - Teens 13 or older,8.26,95583,353,1507,181700,2014,"Comedy, Sci-Fi",Bones
37520,Dororo,TV,Manga,24,Finished Airing,R - 17+ (violence & profanity),8.26,694779,357,107,1363379,2019,"Action, Adventure, Fantasy","Tezuka Productions, MAPPA"
34798,Laid-Back Camp,TV,Manga,12,Finished Airing,PG-13 - Teens 13 or older,8.26,238324,356,462,538555,2018,Slice of Life,C-Station
25835,Shirobako,TV,Original,24,Finished Airing,PG-13 - Teens 13 or older,8.26,149149,351,551,469029,2014,"Award Winning, Comedy, Drama",P.A. Works
3002,Kaiji: Ultimate Survivor,TV,Manga,26,Finished Airing,R - 17+ (violence & profanity),8.26,177205,360,692,388951,2007,Suspense,Madhouse
38691,Dr. Stone,TV,Manga,24,Finished Airing,PG-13 - Teens 13 or older,8.26,1168968,358,49,1935298,2019,"Adventure, Comedy",TMS Entertainment
10087,Fate/Zero,TV,Light novel,13,Finished Airing,R - 17+ (violence & profanity),8.26,909024,359,83,1594038,2011,"Action, Fantasy",ufotable
57592,Dr. Stone: Science Future,TV,Manga,12,Finished Airing,PG-13 - Teens 13 or older,8.25,140007,363,942,291503,2025,"Adventure, Comedy",TMS Entertainment
53111,Is It Wrong to Try to Pick Up Girls in a Dungeon? IV Part 2,TV,Light novel,11,Finished Airing,R - 17+ (violence & profanity),8.25,153669,364,955,289107,2023,"Action, Adventure, Fantasy",J.C.Staff
1698,Nodame Cantabile,TV,Manga,23,Finished Airing,PG-13 - Teens 13 or older,8.25,134160,368,836,330999,2007,"Comedy, Romance",J.C.Staff
37989,Golden Kamuy Season 2,TV,Manga,12,Finished Airing,R - 17+ (violence & profanity),8.24,128231,378,1187,235348,2018,"Action, Adventure",Geno Studio
10271,Kaiji: Against All Rules,TV,Manga,26,Finished Airing,R - 17+ (violence & profanity),8.24,116857,379,1302,212469,2011,Suspense,Madhouse
25681,Kamisama Kiss Season 2,TV,Manga,12,Finished Airing,PG-13 - Teens 13 or older,8.24,247192,381,555,464997,2015,"Comedy, Romance, Supernatural",TMS Entertainment
13125,From the New World,TV,Novel,25,Finished Airing,R - 17+ (violence & profanity),8.24,288692,373,270,818483,2012,"Drama, Fantasy, Horror, Mystery, Sci-Fi, Suspense",A-1 Pictures
32937,KonoSuba: God's Blessing on This Wonderful World! 2,TV,Light novel,10,Finished Airing,PG-13 - Teens 13 or older,8.24,1085402,382,77,1640935,2017,"Adventure, Comedy, Fantasy",Studio Deen
329,Planetes,TV,Manga,26,Finished Airing,PG-13 - Teens 13 or older,8.24,82747,385,998,278322,2003,"Award Winning, Drama, Romance, Sci-Fi",Sunrise
45577,IDOLISH7 Third BEAT!,TV,Game,13,Finished Airing,PG-13 - Teens 13 or older,8.24,9220,380,4848,26767,2021,Drama,TROYCA
35838,Girls' Last Tour,TV,Web manga,12,Finished Airing,PG-13 - Teens 13 or older,8.24,149864,374,674,397346,2017,"Adventure, Mystery, Sci-Fi, Slice of Life",White Fox
31240,Re:ZERO -Starting Life in Another World-,TV,Light novel,25,Finished Airing,R - 17+ (violence & profanity),8.24,1551155,371,23,2429879,2016,"Drama, Fantasy, Suspense",White Fox
55825,Hell's Paradise Season 2,TV,Manga,12,Currently Airing,R - 17+ (violence & profanity),8.23,30118,386,906,308946,2026,"Action, Adventure, Supernatural",MAPPA
33051,Mobile Suit Gundam: Iron-Blooded Orphans 2nd Season,TV,Original,25,Finished Airing,R - 17+ (violence & profanity),8.23,89408,387,1665,159688,2016,"Drama, Sci-Fi",Sunrise
11843,Daily Lives of High School Boys,TV,Web manga,12,Finished Airing,PG-13 - Teens 13 or older,8.23,439980,395,236,880603,2012,Comedy,Sunrise
37450,Rascal Does Not Dream of Bunny Girl Senpai,TV,Light novel,13,Finished Airing,PG-13 - Teens 13 or older,8.23,1226857,392,47,1937530,2018,"Drama, Romance, Supernatural",CloverWorks
440,Revolutionary Girl Utena,TV,Original,39,Finished Airing,PG-13 - Teens 13 or older,8.23,71422,392,1135,245706,1997,"Award Winning, Drama",J.C.Staff
59062,Gachiakuta,TV,Manga,24,Finished Airing,PG-13 - Teens 13 or older,8.22,187009,399,577,451756,2025,"Action, Fantasy",Bones Film
52588,Kaiju No. 8,TV,Manga,12,Finished Airing,PG-13 - Teens 13 or older,8.22,409452,401,331,708999,2024,"Action, Fantasy, Sci-Fi",Production I.G
48316,The Eminence in Shadow,TV,Light novel,20,Finished Airing,R - 17+ (violence & profanity),8.22,459817,400,254,846199,2022,"Action, Comedy, Fantasy",Nexus
49918,My Hero Academia Season 6,TV,Manga,25,Finished Airing,PG-13 - Teens 13 or older,8.22,413931,398,278,805727,2022,Action,Bones
6,Trigun,TV,Manga,26,Finished Airing,PG-13 - Teens 13 or older,8.22,398767,407,264,827447,1998,"Action, Adventure, Sci-Fi",Madhouse
59027,Spy x Family Season 3,TV,Manga,13,Finished Airing,PG-13 - Teens 13 or older,8.21,111238,411,872,320028,2025,"Action, Comedy","Wit Studio, CloverWorks"
53393,Heavenly Delusion,TV,Manga,13,Finished Airing,R - 17+ (violence & profanity),8.21,287540,412,401,618506,2023,"Adventure, Mystery, Sci-Fi",Production I.G
52578,The Dangers in My Heart,TV,Manga,12,Finished Airing,PG-13 - Teens 13 or older,8.21,223694,415,611,430403,2023,"Comedy, Romance",Shin-Ei Animation
2966,Spice and Wolf,TV,Light novel,13,Finished Airing,PG-13 - Teens 13 or older,8.21,413330,420,244,866782,2008,"Adventure, Drama, Romance, Supernatural",Imagin
813,Dragon Ball Z,TV,Manga,291,Finished Airing,PG-13 - Teens 13 or older,8.21,900923,417,116,1316967,1989,"Action, Adventure, Comedy, Fantasy",Toei Animation
60371,You and I Are Polar Opposites,TV,Manga,12,Currently Airing,PG-13 - Teens 13 or older,8.2,20860,429,2095,119628,2026,"Comedy, Romance",Lapin Track
55866,A Sign of Affection,TV,Manga,12,Finished Airing,PG-13 - Teens 13 or older,8.2,156177,435,815,337274,2024,Romance,Ajia-do
51179,Mushoku Tensei: Jobless Reincarnation Season 2,TV,Light novel,12,Finished Airing,R - 17+ (violence & profanity),8.2,432193,428,311,738698,2023,"Adventure, Drama, Fantasy, Ecchi",Studio Bind
38003,Bungo Stray Dogs 3,TV,Manga,12,Finished Airing,R - 17+ (violence & profanity),8.2,374706,436,334,703550,2019,"Action, Mystery",Bones
23847,My Teen Romantic Comedy SNAFU TOO!,TV,Light novel,13,Finished Airing,PG-13 - Teens 13 or older,8.2,741734,434,145,1152638,2015,"Comedy, Romance",feel.
6811,InuYasha: The Final Act,TV,Manga,26,Finished Airing,PG-13 - Teens 13 or older,8.2,152637,421,912,304336,2009,"Action, Adventure, Fantasy, Romance",Sunrise
1453,Maison Ikkoku,TV,Manga,96,Finished Airing,R+ - Mild Nudity,8.2,21145,425,2673,82342,1986,"Comedy, Drama, Romance",Studio Deen
16894,Kuroko's Basketball 2,TV,Manga,25,Finished Airing,PG-13 - Teens 13 or older,8.2,584668,423,218,921849,2013,Sports,Production I.G
38680,Fruits Basket 1st Season,TV,Manga,25,Finished Airing,PG-13 - Teens 13 or older,8.2,445898,438,212,937237,2019,"Drama, Romance, Supernatural",TMS Entertainment
9863,SKET Dance,TV,Manga,77,Finished Airing,PG-13 - Teens 13 or older,8.2,88268,430,1177,237422,2011,Comedy,Tatsunoko Production
39247,Miss Kobayashi's Dragon Maid S,TV,Manga,12,Finished Airing,PG-13 - Teens 13 or older,8.2,306903,422,407,607740,2021,"Slice of Life, Supernatural",Kyoto Animation
18115,Magi: The Kingdom of Magic,TV,Manga,25,Finished Airing,PG-13 - Teens 13 or older,8.2,482031,424,231,893578,2013,"Action, Adventure, Fantasy",A-1 Pictures
53065,My Dress-Up Darling Season 2,TV,Manga,12,Finished Airing,PG-13 - Teens 13 or older,8.19,186658,447,592,442053,2025,Romance,CloverWorks
37171,Asobi Asobase: Workshop of Fun,TV,Manga,12,Finished Airing,PG-13 - Teens 13 or older,8.19,249863,439,470,530756,2018,Comedy,Lerche
32843,Symphogear XV,TV,Original,13,Finished Airing,PG-13 - Teens 13 or older,8.19,15810,446,3835,43869,2019,"Action, Sci-Fi",Satelight
186,Initial D Second Stage,TV,Manga,13,Finished Airing,PG-13 - Teens 13 or older,8.19,151370,443,1068,260669,1999,"Action, Drama",Pastel
49114,The Case Study of Vanitas Part 2,TV,Manga,12,Finished Airing,R - 17+ (violence & profanity),8.19,148979,448,807,341049,2022,"Action, Fantasy, Mystery",Bones
56009,Sentenced to Be a Hero,TV,Light novel,12,Currently Airing,R - 17+ (violence & profanity),8.18,41100,452,1213,230945,2026,"Action, Adventure, Fantasy",Studio KAI
52299,Solo Leveling,TV,Web manga,12,Finished Airing,R - 17+ (violence & profanity),8.18,685728,466,159,1106134,2024,"Action, Adventure, Fantasy",A-1 Pictures
7791,K-ON! Season 2,TV,4-koma manga,26,Finished Airing,PG-13 - Teens 13 or older,8.18,411363,458,305,748024,2010,"Award Winning, Comedy",Kyoto Animation
22297,Fate/stay night [Unlimited Blade Works],TV,Visual novel,12,Finished Airing,R - 17+ (violence & profanity),8.18,725742,454,142,1165893,2014,"Action, Fantasy",ufotable
40729,Megalobox 2: Nomad,TV,Original,13,Finished Airing,R - 17+ (violence & profanity),8.18,91389,465,1223,229221,2021,"Sci-Fi, Sports",TMS Entertainment
1142,Honey and Clover II,TV,Manga,12,Finished Airing,PG-13 - Teens 13 or older,8.18,56426,455,2033,124243,2006,"Drama, Romance",J.C.Staff
42897,Horimiya,TV,Manga,13,Finished Airing,PG-13 - Teens 13 or older,8.18,980147,457,80,1611436,2021,Romance,CloverWorks
232,Cardcaptor Sakura,TV,Manga,70,Finished Airing,PG - Children,8.18,233152,453,533,482783,1998,"Adventure, Comedy, Drama, Romance",Madhouse
44055,Sasaki and Miyano,TV,Web manga,12,Finished Airing,PG-13 - Teens 13 or older,8.18,105973,450,1194,233755,2022,Boys Love,Studio Deen
57433,Rascal Does Not Dream of Santa Claus,TV,Light novel,13,Finished Airing,PG-13 - Teens 13 or older,8.17,63308,474,1368,201985,2025,"Drama, Romance, Supernatural",CloverWorks
10800,Chihayafuru,TV,Manga,25,Finished Airing,PG-13 - Teens 13 or older,8.17,194275,483,516,493485,2011,"Drama, Romance, Sports",Madhouse
18195,Little Busters! ~Refrain~,TV,Visual novel,13,Finished Airing,PG-13 - Teens 13 or older,8.17,81119,469,1549,176151,2013,"Comedy, Drama, Romance",J.C.Staff
7674,Bakuman.,TV,Manga,25,Finished Airing,PG-13 - Teens 13 or older,8.17,309896,479,371,654594,2010,"Comedy, Drama, Romance",J.C.Staff
1519,Black Lagoon: The Second Barrage,TV,Manga,12,Finished Airing,R - 17+ (violence & profanity),8.17,339854,481,434,571279,2006,Action,Madhouse
40911,Moriarty the Patriot,TV,Manga,11,Finished Airing,R - 17+ (violence & profanity),8.17,208019,478,509,502410,2020,"Mystery, Suspense",Production I.G
23623,Non Non Biyori Repeat,TV,Manga,12,Finished Airing,PG-13 - Teens 13 or older,8.17,106980,472,1299,212850,2015,Slice of Life,SILVER LINK.
34636,Welcome to the Ballroom,TV,Manga,24,Finished Airing,PG-13 - Teens 13 or older,8.17,159607,480,752,360956,2017,Sports,Production I.G
59228,Black Butler: Emerald Witch Arc,TV,Manga,13,Finished Airing,R - 17+ (violence & profanity),8.16,24340,492,2932,70532,2025,"Action, Mystery, Supernatural",CloverWorks
57181,Blue Box,TV,Manga,25,Finished Airing,PG-13 - Teens 13 or older,8.16,144693,487,880,317439,2024,"Romance, Sports",Telecom Animation Film
32867,Bungo Stray Dogs 2,TV,Manga,12,Finished Airing,R - 17+ (violence & profanity),8.16,540896,489,209,946655,2016,"Action, Mystery",Bones
962,Aria the Natural,TV,Manga,26,Finished Airing,G - All Ages,8.16,31985,488,2610,85481,2006,"Sci-Fi, Slice of Life",HAL Film Maker
853,Ouran High School Host Club,TV,Manga,26,Finished Airing,PG-13 - Teens 13 or older,8.16,724887,494,136,1220509,2006,"Comedy, Romance",Bones
1889,Higurashi: When They Cry – Kai,TV,Visual novel,24,Finished Airing,R - 17+ (violence & profanity),8.16,266741,490,488,518194,2007,"Horror, Mystery, Suspense",Studio Deen
