id,title,genre,release_year,budget_usd,revenue_usd,vote_average,vote_count,production_country
1,Movie Title 1,"Science Fiction, Comedy, Horror",1957,36972721,130.69284,4.5,9221,Germany
2,Movie Title 2,"Documentary, Romance",1999,96359319,294.7975,5.8,4592,China
3,Movie Title 3,"Science Fiction, Action",1941,135172742,104.84089,2.71,7146,Japan
4,Movie Title 4,"Comedy, Drama, Adventure",1961,129049379,153.55849,5.63,8363,Germany
5,Movie Title 5,"Comedy, Romance",1969,151390401,100.82907,4.25,9487,Japan
6,Movie Title 6,Adventure,2020,169912312,572.4923,1.17,3801,India
7,Movie Title 7,Documentary,1962,47113615,230.94191,3.58,6228,India
8,Movie Title 8,"Comedy, Romance",1960,42844528,86.01494,8.11,9485,India
9,Movie Title 9,"Horror, Science Fiction, Documentary",2007,96564462,49.4588,5.89,8356,United Kingdom
10,Movie Title 10,"Drama, Documentary",1992,14771093,63.53765,6.63,3680,China
11,Movie Title 11,"Action, Adventure, Horror",2022,108056880,162.98649,7.81,2198,India
12,Movie Title 12,"Drama, Romance, Action",2012,71959669,358.23509,9.09,4292,China
13,Movie Title 13,Action,1964,101775125,487.33669,7.26,7318,China
14,Movie Title 14,Comedy,1980,72465635,308.83913,7.31,3605,France
15,Movie Title 15,"Comedy, Horror, Documentary",1950,144659170,629.2065,2.54,5851,Canada
16,Movie Title 16,"Drama, Comedy",2010,8140456,32.45547,8.6,2409,United States of America
17,Movie Title 17,"Drama, Horror",1981,241476905,552.47268,5.47,6062,Germany
18,Movie Title 18,Drama,1986,7513903,19.46505,6.7,3376,United States of America
19,Movie Title 19,"Science Fiction, Horror, Adventure",2019,27224894,123.21646,4.17,4146,Japan
20,Movie Title 20,Science Fiction,1969,2061020,7.00722,6.54,9184,France
21,Movie Title 21,"Action, Adventure",1983,45311732,124.55404,3.66,3629,United States of America
22,Movie Title 22,"Science Fiction, Comedy",1986,116045886,60.24329,8.16,9184,Canada
23,Movie Title 23,"Horror, Drama",1990,115910068,464.47022,8.21,7447,Canada
24,Movie Title 24,"Romance, Science Fiction, Documentary",1952,23432276,52.8339,3.31,9876,Canada
25,Movie Title 25,"Horror, Science Fiction, Comedy",1941,51218709,53.4926,9.48,3341,United Kingdom
26,Movie Title 26,Action,2016,189078412,438.69082,8.09,8845,Japan
27,Movie Title 27,Drama,1972,203975472,390.39719,6.46,7378,United Kingdom
28,Movie Title 28,"Horror, Drama, Comedy",1985,188879128,399.27484,5.14,4275,Canada
29,Movie Title 29,Adventure,1954,94058110,303.1721,4.39,7955,United States of America
30,Movie Title 30,Horror,2011,85697412,266.65349,9.96,5332,United States of America
31,Movie Title 31,Science Fiction,1993,43442175,32.14276,2.78,1654,India
32,Movie Title 32,Adventure,1983,49626664,133.289,3.24,1528,France
33,Movie Title 33,"Action, Comedy, Documentary",1960,1581646,4.86929,2.44,4201,Canada
34,Movie Title 34,"Romance, Documentary, Action",1970,64353744,49.47659,5.44,1825,Canada
35,Movie Title 35,"Comedy, Drama, Science Fiction",1999,201455904,970.9111,2.51,8223,United Kingdom
36,Movie Title 36,"Documentary, Action",1988,51479364,87.39501,2.88,1323,Canada
37,Movie Title 37,Adventure,1981,152204919,186.44917,3.09,2976,France
38,Movie Title 38,"Adventure, Drama",1958,211107826,852.03277,5.49,5391,France
39,Movie Title 39,Action,1944,49312634,217.8968,1.39,9313,Germany
40,Movie Title 40,"Horror, Science Fiction",1988,154911965,520.79152,3.49,6887,China
41,Movie Title 41,"Adventure, Science Fiction",1977,73881783,355.00772,2.04,2085,France
42,Movie Title 42,"Romance, Comedy",1964,82491933,234.64005,5.05,4676,China
43,Movie Title 43,"Action, Adventure",1975,20752039,46.98751,1.84,3696,United States of America
44,Movie Title 44,Adventure,2023,172695191,769.07579,2.57,2803,Canada
45,Movie Title 45,"Romance, Adventure",1989,152577095,625.94913,9.44,4604,China
46,Movie Title 46,"Adventure, Science Fiction",1984,2206624,5.41771,9.37,3069,United Kingdom
47,Movie Title 47,"Drama, Science Fiction, Horror",1972,28240715,139.14461,6.87,4498,Germany
48,Movie Title 48,Documentary,2024,171677898,717.00819,4.99,6691,India
49,Movie Title 49,"Science Fiction, Adventure",1940,76328141,241.59148,1.92,8693,Japan
50,Movie Title 50,"Horror, Science Fiction, Documentary",2005,140537518,276.96297,4.7,6357,United Kingdom
51,Movie Title 51,"Comedy, Adventure",1949,1823662,6.39262,2.97,8679,United Kingdom
52,Movie Title 52,"Adventure, Science Fiction, Action",1952,243245112,307.51073,4.51,8745,France
53,Movie Title 53,"Science Fiction, Horror",1964,202372798,757.97878,1.38,1601,India
54,Movie Title 54,Adventure,1992,172069035,693.30528,8.6,7328,Germany
55,Movie Title 55,"Comedy, Action, Drama",1984,204960348,708.53686,8.57,9552,Canada
56,Movie Title 56,"Science Fiction, Comedy, Romance",1979,184551262,667.15073,1.08,1966,India
57,Movie Title 57,Romance,1993,217562921,728.12325,1.55,2927,United States of America
58,Movie Title 58,Comedy,1977,89790785,124.94579,9.54,5770,China
59,Movie Title 59,"Action, Documentary, Comedy",1975,15995187,76.51444,9.8,5461,United Kingdom
60,Movie Title 60,"Documentary, Science Fiction",2007,227354588,768.5091,7.37,540,Germany
61,Movie Title 61,"Romance, Science Fiction",1942,104067239,295.09705,1.83,91,United States of America
62,Movie Title 62,"Action, Adventure, Science Fiction",2022,100592771,189.53199,8.96,9990,Japan
63,Movie Title 63,"Romance, Action",2008,133623174,155.81315,3.44,5424,India
64,Movie Title 64,Horror,1995,105964004,164.4498,9.73,3023,Germany
65,Movie Title 65,Drama,2013,213793655,426.45336,8.92,3238,France
66,Movie Title 66,"Drama, Comedy",1988,225179237,558.31252,2.87,7675,Canada
67,Movie Title 67,Horror,1976,91194491,401.88237,7.9,8619,China
68,Movie Title 68,Comedy,1943,80243911,294.64794,8.41,3736,United Kingdom
69,Movie Title 69,Adventure,1994,10442266,44.84942,6.56,9777,Canada
70,Movie Title 70,"Romance, Adventure",1974,21080512,62.97895,1.68,7566,United Kingdom
71,Movie Title 71,"Drama, Documentary, Comedy",2012,187872719,355.64731,1.09,7214,France
72,Movie Title 72,Horror,1970,224907412,964.55778,2.39,3927,Canada
73,Movie Title 73,"Romance, Drama, Action",1963,146019466,614.87352,3.83,1210,Japan
74,Movie Title 74,"Documentary, Romance",1957,202615103,510.26217,6.95,6406,Germany
75,Movie Title 75,"Action, Romance",1963,245293048,131.61851,5.35,1721,India
76,Movie Title 76,Adventure,1961,29083352,75.30863,7.32,6370,India
77,Movie Title 77,"Adventure, Action, Drama",1952,108839780,223.54092,1.61,9016,United Kingdom
78,Movie Title 78,"Drama, Action",1948,183381773,511.13395,5.11,8156,India
79,Movie Title 79,"Documentary, Action, Adventure",2008,90064458,145.41641,2.74,9325,France
80,Movie Title 80,"Romance, Horror, Adventure",1977,166774873,87.31736,8.7,2384,India
81,Movie Title 81,"Adventure, Drama, Horror",1971,139634611,562.09812,5.41,3263,China
82,Movie Title 82,"Drama, Horror, Science Fiction",1953,194287183,857.76056,9.59,2931,China
83,Movie Title 83,"Adventure, Science Fiction",2016,153958253,432.38938,4.94,9525,France
84,Movie Title 84,Horror,1958,196434412,429.29527,4.07,249,United Kingdom
85,Movie Title 85,"Horror, Documentary",2007,26455714,65.26753,4.87,2353,Canada
86,Movie Title 86,"Action, Documentary",1990,8585641,39.77406,4.56,21,Canada
87,Movie Title 87,"Drama, Action",2015,178751433,100.17311,5.86,5659,Japan
88,Movie Title 88,"Drama, Romance",1983,200503564,833.61024,9.57,6965,India
89,Movie Title 89,"Romance, Documentary",1942,182109091,144.88277,2.91,1913,France
90,Movie Title 90,"Romance, Comedy, Documentary",2010,234192539,616.75896,5.0,8535,Canada
91,Movie Title 91,"Documentary, Science Fiction, Comedy",2017,11357818,36.56208,8.74,6030,France
92,Movie Title 92,"Action, Romance, Documentary",1983,189606714,218.10231,7.02,1697,China
93,Movie Title 93,"Action, Comedy, Romance",1946,198535533,724.15049,8.29,2658,China
94,Movie Title 94,Documentary,2008,208748495,654.80014,9.5,6930,Japan
95,Movie Title 95,"Science Fiction, Action",1951,118766377,193.82874,9.51,6166,United States of America
96,Movie Title 96,"Adventure, Romance, Action",1963,154295031,418.77388,5.18,5874,United States of America
97,Movie Title 97,Romance,1954,229800243,468.5299,1.55,8398,France
98,Movie Title 98,"Romance, Documentary, Horror",1994,239347042,1105.0001,1.72,7113,United States of America
99,Movie Title 99,"Comedy, Drama",2022,172874604,806.64276,1.49,9916,Japan
100,Movie Title 100,"Science Fiction, Drama",2000,3892348,4.00465,7.69,9622,United Kingdom
