product_name,price,quantity_available,category,brand,shipping_method,customer_rating,category_clean,total_value
Fresh Strawberries,507.86,125,beauty,Adidas,standard,3.5,beauty,63482.5
Honey Mustard Dip,209.26,879,clothing,Nike,same-day,1.6,clothing,183939.53999999998
 Leek and Potato Soup,635.54,111,electronics,Nike,express,2.4,electronics,70544.94
Caraway Rye Bread,480.61,511,electronics,Nike,same-day,3.7,electronics,245591.71000000002
Travel Jewelry Organizer,441.27,636,home decor,Adidas,standard,4.0,home decor,280647.72
Popcorn Chicken,518.29,899,clothing,Nike,express,4.0,clothing,465942.70999999996
Pesto Pasta Salad,208.99,521,clothing,Adidas,express,2.3,clothing,108883.79000000001
Travel Pillow with Memory Foam,592.77,975,beauty,Sony,standard,4.8,beauty,577950.75
Electric Hot Pot,324.22,257,clothing,Nike,same-day,2.3,clothing,83324.54000000001
Stainless Steel Water Bottle,503.11,371,electronics,Sony,standard,5.0,electronics,186653.81
Window Blinds,423.67,856,beauty,Nike,standard,4.5,beauty,362661.52
Cinnamon Sugar Popcorn,894.72,522,clothing,Nike,standard,1.4,clothing,467043.84
Chili Lime Corn Chips,585.43,769,toys,Sony,express,2.9,toys,450195.67
Sweet Chili Dipping Sauce,769.36,848,electronics,Sony,express,2.2,electronics,652417.28
Sports Windbreaker,980.83,158,clothing,Sony,express,4.4,clothing,154971.14
Eco-Friendly Notepad,81.18,304,clothing,Apple,express,1.7,clothing,24678.72
Frozen Burritos,163.97,626,beauty,Samsung,standard,2.4,beauty,102645.22
Reversible Comforter Set,292.41,897,electronics,Adidas,express,3.4,electronics,262291.77
Satin Slip Dress,247.06,214,home decor,Adidas,standard,4.2,home decor,52870.840000000004
Pumpkin Spice Muffins,126.12,117,toys,Samsung,standard,1.2,toys,14756.04
