product_name,price,quantity_available,category,brand,shipping_method,customer_rating
Fresh Strawberries,507.86,125,beauty,Adidas,standard,3.5
Honey Mustard Dip,209.26,879,clothing,Nike,same-day,1.6
Leek and Potato Soup,635.54,111,electronics,Nike,express,2.4
Caraway Rye Bread,480.61,511,electronics,Nike,same-day,3.7
Travel Jewelry Organizer,441.27,636,home decor,Adidas,standard,4.0
Popcorn Chicken,518.29,899,clothing,Nike,express,4.0
Pesto Pasta Salad,208.99,521,clothing,Adidas,express,2.3
Travel Pillow with Memory Foam,592.77,975,beauty,Sony,standard,4.8
Electric Hot Pot,324.22,257,clothing,Nike,same-day,2.3
Stainless Steel Water Bottle,503.11,371,electronics,Sony,standard,5.0
Window Blinds,423.67,856,beauty,Nike,standard,4.5
Cinnamon Sugar Popcorn,894.72,522,clothing,Nike,standard,1.4
Chili Lime Corn Chips,585.43,769,toys,Sony,express,2.9
Sweet Chili Dipping Sauce,769.36,848,electronics,Sony,express,2.2
Sports Windbreaker,980.83,158,clothing,Sony,express,4.4
Eco-Friendly Notepad,81.18,304,clothing,Apple,express,1.7
Frozen Burritos,163.97,626,beauty,Samsung,standard,2.4
Reversible Comforter Set,292.41,897,electronics,Adidas,express,3.4
Satin Slip Dress,247.06,214,home decor,Adidas,standard,4.2
Pumpkin Spice Muffins,126.12,117,toys,Samsung,standard,1.2
